policy,observation,n_valid,positives,negatives,prevalence,threshold,tp,fp,tn,fn,sensitivity,recall,specificity,precision,f1,balanced_accuracy,youden_j,status
baseline_050,No Finding,28671,2538,26133,0.088521502563565974,0.5,1731,2785,23348,807,0.68203309692671399,0.68203309692671399,0.89342976313473388,0.38330380868024799,0.49078537000283529,0.78773143003072388,0.57546286006144776,ok
baseline_050,Enlarged Cardiomediastinum,27122,1373,25749,0.050623110390089224,0.5,209,698,25051,1164,0.15222141296431171,0.15222141296431171,0.97289215115150107,0.23042998897464168,0.18333333333333332,0.56255678205790638,0.12511356411581276,ok
baseline_050,Cardiomegaly,27658,3465,24193,0.12528020825800854,0.5,2017,1803,22390,1448,0.58210678210678213,0.58210678210678213,0.92547431075104369,0.52801047120418854,0.55374056280027451,0.75379054642891297,0.50758109285782593,ok
baseline_050,Lung Opacity,27998,14127,13871,0.50457175512536612,0.5,10384,5295,8576,3743,0.73504636511644372,0.73504636511644372,0.61826832960853584,0.66228713565916197,0.69677246192041875,0.67665734736248973,0.35331469472497945,ok
baseline_050,Lung Lesion,28502,1064,27438,0.037330713634130937,0.5,305,1045,26393,759,0.28665413533834588,0.28665413533834588,0.9619141336832131,0.22592592592592592,0.25269262634631318,0.62428413451077946,0.24856826902155893,ok
baseline_050,Edema,26875,7426,19449,0.27631627906976747,0.5,4580,2555,16894,2846,0.61675195259897653,0.61675195259897653,0.86863077793202736,0.64190609670637699,0.62907767323672825,0.74269136526550195,0.48538273053100389,ok
baseline_050,Consolidation,24998,1960,23038,0.078406272501800142,0.5,428,1270,21768,1532,0.21836734693877552,0.21836734693877552,0.94487368695199236,0.25206124852767964,0.23400765445598687,0.58162051694538397,0.16324103389076794,ok
baseline_050,Pneumonia,26242,715,25527,0.027246398902522673,0.5,135,602,24925,580,0.1888111888111888,0.1888111888111888,0.97641712696360716,0.18317503392130258,0.18595041322314049,0.58261415788739801,0.16522831577479602,ok
baseline_050,Atelectasis,24115,4462,19653,0.18503006427534729,0.5,1417,2267,17386,3045,0.31757059614522637,0.31757059614522637,0.88464865414949367,0.38463626492942454,0.34790081021360175,0.60110962514735999,0.20221925029471999,ok
baseline_050,Pneumothorax,28263,2632,25631,0.093125287478328558,0.5,1609,2210,23421,1023,0.61132218844984798,0.61132218844984798,0.91377628652803244,0.42131448023042684,0.49883738955200746,0.76254923748894021,0.52509847497788043,ok
baseline_050,Pleural Effusion,27209,11543,15666,0.42423462824800617,0.5,9074,2939,12727,2469,0.78610413237459931,0.78610413237459931,0.812396272181795,0.7553483725963539,0.77041942604856517,0.7992502022781971,0.59850040455639419,ok
baseline_050,Pleural Other,28400,381,28019,0.013415492957746479,0.5,43,278,27741,338,0.11286089238845144,0.11286089238845144,0.99007816124772474,0.13395638629283488,0.12250712250712251,0.55146952681808814,0.10293905363617628,ok
baseline_050,Fracture,28590,1092,27498,0.038195173137460653,0.5,212,433,27065,880,0.19413919413919414,0.19413919413919414,0.98425340024729069,0.32868217054263565,0.24409902130109384,0.5891962971932424,0.1783925943864848,ok
baseline_050,Support Devices,28543,16003,12540,0.56066285954524753,0.5,12592,2437,10103,3411,0.78685246516278196,0.78685246516278196,0.80566188197767141,0.83784682946303812,0.811549368393916,0.79625717357022663,0.59251434714045326,ok
youden,No Finding,28671,2538,26133,0.088521502563565974,0.23640589416027069,2156,5763,20370,382,0.84948778565799843,0.84948778565799843,0.77947422798760191,0.27225659805531,0.41235536004590229,0.81448100682280011,0.62896201364560023,ok
youden,Enlarged Cardiomediastinum,27122,1373,25749,0.050623110390089224,0.14951692521572113,831,8769,16980,542,0.6052439912600146,0.6052439912600146,0.65944308516835604,0.086562500000000001,0.15146268112640116,0.63234353821418532,0.26468707642837064,ok
youden,Cardiomegaly,27658,3465,24193,0.12528020825800854,0.18875084817409515,2788,5112,19081,677,0.80461760461760456,0.80461760461760456,0.78869921051543834,0.35291139240506331,0.49062912450505941,0.79665840756652151,0.59331681513304302,ok
youden,Lung Opacity,27998,14127,13871,0.50457175512536612,0.51280516386032104,10161,5049,8822,3966,0.71926098959439366,0.71926098959439366,0.63600317208564627,0.6680473372781065,0.69270886593721237,0.67763208084002002,0.35526416168004005,ok
youden,Lung Lesion,28502,1064,27438,0.037330713634130937,0.10145293921232224,729,7755,19683,335,0.68515037593984962,0.68515037593984962,0.71736278154384425,0.085926449787835923,0.1527021365731043,0.70125657874184699,0.40251315748369398,ok
youden,Edema,26875,7426,19449,0.27631627906976747,0.30018854141235352,5901,4861,14588,1525,0.79464045246431458,0.79464045246431458,0.75006427065658898,0.5483181564764914,0.64888937761161203,0.77235236156045173,0.54470472312090346,ok
youden,Consolidation,24998,1960,23038,0.078406272501800142,0.13209062814712524,1624,10757,12281,336,0.82857142857142863,0.82857142857142863,0.5330757878288046,0.1311687262741297,0.22648350882086327,0.68082360820011667,0.36164721640023334,ok
youden,Pneumonia,26242,715,25527,0.027246398902522673,0.07469959557056427,492,7795,17732,223,0.68811188811188806,0.68811188811188806,0.69463705096564421,0.059370097743453601,0.10930904243501444,0.69137446953876613,0.38274893907753227,ok
youden,Atelectasis,24115,4462,19653,0.18503006427534729,0.30323782563209534,3146,7755,11898,1316,0.70506499327655758,0.70506499327655758,0.60540375515188516,0.28859737638748739,0.40955542537264855,0.65523437421422137,0.31046874842844274,ok
youden,Pneumothorax,28263,2632,25631,0.093125287478328558,0.31586301326751709,1909,3915,21716,723,0.72530395136778114,0.72530395136778114,0.84725527681323398,0.32778159340659341,0.45151371807000945,0.78627961409050751,0.57255922818101501,ok
youden,Pleural Effusion,27209,11543,15666,0.42423462824800617,0.39573952555656433,9785,3788,11878,1758,0.84769990470414969,0.84769990470414969,0.75820247670113616,0.72091652545494733,0.7791845835324096,0.80295119070264298,0.60590238140528596,ok
youden,Pleural Other,28400,381,28019,0.013415492957746479,0.012163464911282063,286,8047,19972,95,0.75065616797900259,0.75065616797900259,0.71280202719583141,0.034321372854914198,0.065641496442506317,0.731729097587417,0.463458195174834,ok
youden,Fracture,28590,1092,27498,0.038195173137460653,0.042781297117471695,806,7765,19733,286,0.73809523809523814,0.73809523809523814,0.71761582660557133,0.094038035235095088,0.16682189796129565,0.72785553235040479,0.45571106470080958,ok
youden,Support Devices,28543,16003,12540,0.56066285954524753,0.45140311121940613,13139,2768,9772,2864,0.82103355620821095,0.82103355620821095,0.77926634768740033,0.82598855849625952,0.82350360388592914,0.80014995194780569,0.60029990389561139,ok
f1_optimal,No Finding,28671,2538,26133,0.088521502563565974,0.64266729354858398,1447,1703,24430,1091,0.57013396375098502,0.57013396375098502,0.93483335246623045,0.45936507936507937,0.5087904360056259,0.75248365810860773,0.50496731621721547,ok
f1_optimal,Enlarged Cardiomediastinum,27122,1373,25749,0.050623110390089224,0.30397042632102966,430,2527,23222,943,0.31318281136198106,0.31318281136198106,0.90186026641811334,0.14541765302671628,0.19861431870669746,0.60752153889004723,0.21504307778009446,ok
f1_optimal,Cardiomegaly,27658,3465,24193,0.12528020825800854,0.45181825757026672,2154,2094,22099,1311,0.62164502164502167,0.62164502164502167,0.9134460381101972,0.50706214689265539,0.55853753403344997,0.76754552987760949,0.53509105975521898,ok
f1_optimal,Lung Opacity,27998,14127,13871,0.50457175512536612,0.32664650678634644,12661,8200,5671,1466,0.89622708289091813,0.89622708289091813,0.40883858409631607,0.60692200757394177,0.72373385160626502,0.65253283349361713,0.30506566698723425,ok
f1_optimal,Lung Lesion,28502,1064,27438,0.037330713634130937,0.51390206813812256,299,976,26462,765,0.28101503759398494,0.28101503759398494,0.96442889423427358,0.23450980392156862,0.25566481402308677,0.62272196591412921,0.24544393182825841,ok
f1_optimal,Edema,26875,7426,19449,0.27631627906976747,0.37897571921348572,5409,3779,15670,2017,0.72838674925935898,0.72838674925935898,0.80569695100005145,0.58870265563778845,0.65113759479956668,0.76704185012970516,0.53408370025941032,ok
f1_optimal,Consolidation,24998,1960,23038,0.078406272501800142,0.33341237902641296,853,3625,19413,1107,0.43520408163265306,0.43520408163265306,0.84265127181178923,0.19048682447521215,0.26498912705809258,0.63892767672222117,0.27785535344444234,ok
f1_optimal,Pneumonia,26242,715,25527,0.027246398902522673,0.38127908110618591,194,1091,24436,521,0.27132867132867133,0.27132867132867133,0.95726093939750068,0.15097276264591439,0.19400000000000001,0.61429480536308601,0.22858961072617201,ok
f1_optimal,Atelectasis,24115,4462,19653,0.18503006427534729,0.32970145344734192,2942,6881,12772,1520,0.65934558493948903,0.65934558493948903,0.64987533709866174,0.2995011707217754,0.41190059502975152,0.65461046101907538,0.30922092203815077,ok
f1_optimal,Pneumothorax,28263,2632,25631,0.093125287478328558,0.61474502086639404,1414,1494,24137,1218,0.53723404255319152,0.53723404255319152,0.94171120908275141,0.48624484181568089,0.51046931407942242,0.73947262581797146,0.47894525163594293,ok
f1_optimal,Pleural Effusion,27209,11543,15666,0.42423462824800617,0.36226996779441833,9998,4101,11565,1545,0.8661526466256606,0.8661526466256606,0.73822290310225969,0.7091283069721257,0.77981436705405194,0.80218777486396009,0.60437554972792018,ok
f1_optimal,Pleural Other,28400,381,28019,0.013415492957746479,0.25426760315895081,98,732,27287,283,0.2572178477690289,0.2572178477690289,0.97387487062350553,0.1180722891566265,0.16184971098265896,0.61554635919626721,0.23109271839253442,ok
f1_optimal,Fracture,28590,1092,27498,0.038195173137460653,0.3263857364654541,309,898,26600,783,0.28296703296703296,0.28296703296703296,0.96734307949669063,0.25600662800331397,0.26881252718573295,0.62515505623186174,0.25031011246372348,ok
f1_optimal,Support Devices,28543,16003,12540,0.56066285954524753,0.34337711334228516,14079,3707,8833,1924,0.87977254264825344,0.87977254264825344,0.70438596491228067,0.79157764533903074,0.83334813104856609,0.792079253780267,0.584158507560534,ok
