observation,prevalence,positives,negatives,thr_050,thr_youden,thr_f1,recall_050,recall_youden,recall_f1opt,delta_recall_050_to_youden,precision_050,precision_youden,precision_f1opt,delta_precision_050_to_youden,specificity_050,specificity_youden,specificity_f1opt,delta_specificity_050_to_youden,f1_050,f1_youden,f1_f1opt,delta_f1_050_to_youden,balanced_accuracy_050,balanced_accuracy_youden,balanced_accuracy_f1opt,delta_balanced_accuracy_050_to_youden
No Finding,0.088521502563565974,2538,26133,0.5,0.23640589416027069,0.64266729354858398,0.68203309692671399,0.84948778565799843,0.57013396375098502,0.16745468873128444,0.38330380868024799,0.27225659805531,0.45936507936507937,-0.111047210624938,0.89342976313473388,0.77947422798760191,0.93483335246623045,-0.11395553514713197,0.49078537000283529,0.41235536004590229,0.5087904360056259,-0.078430009956933,0.78773143003072388,0.81448100682280011,0.75248365810860773,0.026749576792076235
Enlarged Cardiomediastinum,0.050623110390089224,1373,25749,0.5,0.14951692521572113,0.30397042632102966,0.15222141296431171,0.6052439912600146,0.31318281136198106,0.45302257829570292,0.23042998897464168,0.086562500000000001,0.14541765302671628,-0.14386748897464169,0.97289215115150107,0.65944308516835604,0.90186026641811334,-0.31344906598314504,0.18333333333333332,0.15146268112640116,0.19861431870669746,-0.031870652206932165,0.56255678205790638,0.63234353821418532,0.60752153889004723,0.06978675615627894
Cardiomegaly,0.12528020825800854,3465,24193,0.5,0.18875084817409515,0.45181825757026672,0.58210678210678213,0.80461760461760456,0.62164502164502167,0.22251082251082244,0.52801047120418854,0.35291139240506331,0.50706214689265539,-0.17509907879912523,0.92547431075104369,0.78869921051543834,0.9134460381101972,-0.13677510023560535,0.55374056280027451,0.49062912450505941,0.55853753403344997,-0.063111438295215094,0.75379054642891297,0.79665840756652151,0.76754552987760949,0.042867861137608543
Lung Opacity,0.50457175512536612,14127,13871,0.5,0.51280516386032104,0.32664650678634644,0.73504636511644372,0.71926098959439366,0.89622708289091813,-0.01578537552205006,0.66228713565916197,0.6680473372781065,0.60692200757394177,0.0057602016189445271,0.61826832960853584,0.63600317208564627,0.40883858409631607,0.017734842477110435,0.69677246192041875,0.69270886593721237,0.72373385160626502,-0.0040635959832063806,0.67665734736248973,0.67763208084002002,0.65253283349361713,0.00097473347753029849
Lung Lesion,0.037330713634130937,1064,27438,0.5,0.10145293921232224,0.51390206813812256,0.28665413533834588,0.68515037593984962,0.28101503759398494,0.39849624060150374,0.22592592592592592,0.085926449787835923,0.23450980392156862,-0.13999947613809,0.9619141336832131,0.71736278154384425,0.96442889423427358,-0.24455135213936885,0.25269262634631318,0.1527021365731043,0.25566481402308677,-0.099990489773208874,0.62428413451077946,0.70125657874184699,0.62272196591412921,0.076972444231067527
Edema,0.27631627906976747,7426,19449,0.5,0.30018854141235352,0.37897571921348572,0.61675195259897653,0.79464045246431458,0.72838674925935898,0.17788849986533806,0.64190609670637699,0.5483181564764914,0.58870265563778845,-0.093587940229885591,0.86863077793202736,0.75006427065658898,0.80569695100005145,-0.11856650727543838,0.62907767323672825,0.64888937761161203,0.65113759479956668,0.019811704374883776,0.74269136526550195,0.77235236156045173,0.76704185012970516,0.029660996294949782
Consolidation,0.078406272501800142,1960,23038,0.5,0.13209062814712524,0.33341237902641296,0.21836734693877552,0.82857142857142863,0.43520408163265306,0.61020408163265305,0.25206124852767964,0.1311687262741297,0.19048682447521215,-0.12089252225354993,0.94487368695199236,0.5330757878288046,0.84265127181178923,-0.41179789912318776,0.23400765445598687,0.22648350882086327,0.26498912705809258,-0.0075241456351236025,0.58162051694538397,0.68082360820011667,0.63892767672222117,0.0992030912547327
Pneumonia,0.027246398902522673,715,25527,0.5,0.07469959557056427,0.38127908110618591,0.1888111888111888,0.68811188811188806,0.27132867132867133,0.49930069930069926,0.18317503392130258,0.059370097743453601,0.15097276264591439,-0.12380493617784898,0.97641712696360716,0.69463705096564421,0.95726093939750068,-0.28178007599796295,0.18595041322314049,0.10930904243501444,0.19400000000000001,-0.076641370788126051,0.58261415788739801,0.69137446953876613,0.61429480536308601,0.10876031165136812
Atelectasis,0.18503006427534729,4462,19653,0.5,0.30323782563209534,0.32970145344734192,0.31757059614522637,0.70506499327655758,0.65934558493948903,0.38749439713133121,0.38463626492942454,0.28859737638748739,0.2995011707217754,-0.096038888541937151,0.88464865414949367,0.60540375515188516,0.64987533709866174,-0.27924489899760851,0.34790081021360175,0.40955542537264855,0.41190059502975152,0.061654615159046799,0.60110962514735999,0.65523437421422137,0.65461046101907538,0.054124749066861377
Pneumothorax,0.093125287478328558,2632,25631,0.5,0.31586301326751709,0.61474502086639404,0.61132218844984798,0.72530395136778114,0.53723404255319152,0.11398176291793316,0.42131448023042684,0.32778159340659341,0.48624484181568089,-0.093532886823833428,0.91377628652803244,0.84725527681323398,0.94171120908275141,-0.066521009714798462,0.49883738955200746,0.45151371807000945,0.51046931407942242,-0.047323671481998009,0.76254923748894021,0.78627961409050751,0.73947262581797146,0.023730376601567293
Pleural Effusion,0.42423462824800617,11543,15666,0.5,0.39573952555656433,0.36226996779441833,0.78610413237459931,0.84769990470414969,0.8661526466256606,0.06159577232955038,0.7553483725963539,0.72091652545494733,0.7091283069721257,-0.034431847141406569,0.812396272181795,0.75820247670113616,0.73822290310225969,-0.054193795480658835,0.77041942604856517,0.7791845835324096,0.77981436705405194,0.0087651574838444324,0.7992502022781971,0.80295119070264298,0.80218777486396009,0.0037009884244458835
Pleural Other,0.013415492957746479,381,28019,0.5,0.012163464911282063,0.25426760315895081,0.11286089238845144,0.75065616797900259,0.2572178477690289,0.63779527559055116,0.13395638629283488,0.034321372854914198,0.1180722891566265,-0.09963501343792068,0.99007816124772474,0.71280202719583141,0.97387487062350553,-0.27727613405189333,0.12250712250712251,0.065641496442506317,0.16184971098265896,-0.05686562606461619,0.55146952681808814,0.731729097587417,0.61554635919626721,0.18025957076932886
Fracture,0.038195173137460653,1092,27498,0.5,0.042781297117471695,0.3263857364654541,0.19413919413919414,0.73809523809523814,0.28296703296703296,0.54395604395604402,0.32868217054263565,0.094038035235095088,0.25600662800331397,-0.23464413530754058,0.98425340024729069,0.71761582660557133,0.96734307949669063,-0.26663757364171936,0.24409902130109384,0.16682189796129565,0.26881252718573295,-0.077277123339798193,0.5891962971932424,0.72785553235040479,0.62515505623186174,0.13865923515716239
Support Devices,0.56066285954524753,16003,12540,0.5,0.45140311121940613,0.34337711334228516,0.78685246516278196,0.82103355620821095,0.87977254264825344,0.034181091045428991,0.83784682946303812,0.82598855849625952,0.79157764533903074,-0.011858270966778606,0.80566188197767141,0.77926634768740033,0.70438596491228067,-0.026395534290271083,0.811549368393916,0.82350360388592914,0.83334813104856609,0.011954235492013132,0.79625717357022663,0.80014995194780569,0.792079253780267,0.0038927783775790648
