observation,min,q1,median,mean,q3,max,std,n_unique,most_common_value_share,nan,inf,below_0,above_1,collapsed
No Finding,0.0009510130621492,0.0332739390432834,0.0967057943344116,0.216159864667048,0.319598987698555,0.9618217349052428,0.2502417971528103,7510,0.0009417181123783614,0,0,0,0,False
Enlarged Cardiomediastinum,0.0035936026833951,0.0652465671300888,0.1145664900541305,0.14625082716698,0.1877276003360748,0.978549301624298,0.12207984691233353,4398,0.001534651738690663,0,0,0,0,False
Cardiomegaly,0.0009075025445781,0.0297037493437528,0.0750407204031944,0.19647981680141402,0.2620856761932373,0.9981470108032228,0.24942643976377263,7234,0.0009765965609849674,0,0,0,0,False
Lung Opacity,0.0063883205875754,0.3208212852478027,0.5427117943763733,0.4984862643169399,0.6847912669181824,0.925094723701477,0.22693759711141148,9888,0.0006975689721321196,0,0,0,0,False
Lung Lesion,0.0005213363328948,0.0160291474312543,0.0474258735775947,0.09960257951617577,0.125493437051773,0.9985561966896056,0.13727749741813436,4773,0.0010812319068047853,0,0,0,0,False
Edema,0.0002591582597233,0.0567568950355052,0.2375759184360504,0.32694292996076685,0.568984717130661,0.9920926690101624,0.2937587991030447,9521,0.0007324474207387255,0,0,0,0,False
Consolidation,0.0013564017135649,0.056966383010149,0.1463310569524765,0.18597624935227372,0.2739627063274383,0.9653811454772948,0.1565404779505856,6082,0.0009068396637717554,0,0,0,0,False
Pneumonia,0.0005112579092383,0.02568714600056405,0.0618759877979755,0.11494909478553637,0.1459654718637466,0.9674102663993835,0.1399400574917077,5011,0.0010812319068047853,0,0,0,0,False
Atelectasis,0.00434838142246,0.1520952209830284,0.2749349772930145,0.2904161107072998,0.4084242284297943,0.9540517926216124,0.17136938433980722,8415,0.0006975689721321196,0,0,0,0,False
Pneumothorax,0.0003874761459883,0.0355443991720676,0.1037486344575882,0.2171524920520713,0.3092322647571563,0.9979572296142578,0.25340040154309473,7702,0.0008719612151651495,0,0,0,0,False
Pleural Effusion,0.0019117692718282,0.0896935500204563,0.3827757239341736,0.42973665933671557,0.7594038844108582,0.9983256459236144,0.33658384476864806,9514,0.0005929336263123016,0,0,0,0,False
Pleural Other,1.8777873265207745e-05,0.0026419467758387,0.008916126564145,0.040585280461479294,0.0328369550406932,0.9820826053619384,0.09291790984096551,3877,0.0013951379442642391,0,0,0,0,False
Fracture,0.0003393017686903,0.0096336519345641,0.0258096233010292,0.06945507290587506,0.0735630467534065,0.983970820903778,0.11704222504384283,4209,0.001778800878936905,0,0,0,0,False
Support Devices,0.0035936026833951,0.1798184365034103,0.5116708278656006,0.489642524807183,0.780829668045044,0.9974689483642578,0.3074990324855024,9290,0.0006626905235255136,0,0,0,0,False
