n_findings,pct_images_ground_truth,pct_images_thr_050,pct_images_youden,pct_images_f1
0,8.381291200167416,10.641414669875484,0.58247009173031983,6.0200202295001919
1,20.599211747061492,17.327613267761848,3.1878902026437865,9.9961633706532727
2,26.559938613930452,20.602699591922153,6.6896864427470266,12.486484601164941
3,25.740295071675213,24.666038854591747,11.080883122318719,18.415820864287959
4,14.195528582888633,19.308709148617069,14.795437898922255,24.062641693697465
5,3.9028983990792092,6.6024903212305111,18.823898712985248,19.507516305674724
6,0.55107948798437445,0.8196435422552405,19.667957169265112,8.0115796449373935
7,0.055805517770569565,0.031390603745945378,14.355969446479019,1.4090893237068813
8,0.013951379442642391,0,7.4395730877890545,0.087196121516514943
9,0,0,2.6263471800774303,0
10+,0,0,0.74988664504202851,0.0034878448606605978
