observation,f1_thr_050,f1_youden,f1_f1
No Finding,0.49078537000283529,0.41235536004590229,0.5087904360056259
Enlarged Cardiomediastinum,0.18333333333333332,0.15146268112640116,0.19861431870669746
Cardiomegaly,0.55374056280027451,0.49062912450505941,0.55853753403344997
Lung Opacity,0.69677246192041875,0.69270886593721237,0.72373385160626502
Lung Lesion,0.25269262634631318,0.1527021365731043,0.25566481402308677
Edema,0.62907767323672825,0.64888937761161203,0.65113759479956668
Consolidation,0.23400765445598687,0.22648350882086327,0.26498912705809258
Pneumonia,0.18595041322314049,0.10930904243501444,0.19400000000000001
Atelectasis,0.34790081021360175,0.40955542537264855,0.41190059502975152
Pneumothorax,0.49883738955200746,0.45151371807000945,0.51046931407942242
Pleural Effusion,0.77041942604856517,0.7791845835324096,0.77981436705405194
Pleural Other,0.12250712250712251,0.065641496442506317,0.16184971098265896
Fracture,0.24409902130109384,0.16682189796129565,0.26881252718573295
Support Devices,0.811549368393916,0.82350360388592914,0.83334813104856609
