observation,policy,recall,precision
No Finding,thr_050,0.68203309692671399,0.38330380868024799
No Finding,youden,0.84948778565799843,0.27225659805531
No Finding,f1,0.57013396375098502,0.45936507936507937
Enlarged Cardiomediastinum,thr_050,0.15222141296431171,0.23042998897464168
Enlarged Cardiomediastinum,youden,0.6052439912600146,0.086562500000000001
Enlarged Cardiomediastinum,f1,0.31318281136198106,0.14541765302671628
Cardiomegaly,thr_050,0.58210678210678213,0.52801047120418854
Cardiomegaly,youden,0.80461760461760456,0.35291139240506331
Cardiomegaly,f1,0.62164502164502167,0.50706214689265539
Lung Opacity,thr_050,0.73504636511644372,0.66228713565916197
Lung Opacity,youden,0.71926098959439366,0.6680473372781065
Lung Opacity,f1,0.89622708289091813,0.60692200757394177
Lung Lesion,thr_050,0.28665413533834588,0.22592592592592592
Lung Lesion,youden,0.68515037593984962,0.085926449787835923
Lung Lesion,f1,0.28101503759398494,0.23450980392156862
Edema,thr_050,0.61675195259897653,0.64190609670637699
Edema,youden,0.79464045246431458,0.5483181564764914
Edema,f1,0.72838674925935898,0.58870265563778845
Consolidation,thr_050,0.21836734693877552,0.25206124852767964
Consolidation,youden,0.82857142857142863,0.1311687262741297
Consolidation,f1,0.43520408163265306,0.19048682447521215
Pneumonia,thr_050,0.1888111888111888,0.18317503392130258
Pneumonia,youden,0.68811188811188806,0.059370097743453601
Pneumonia,f1,0.27132867132867133,0.15097276264591439
Atelectasis,thr_050,0.31757059614522637,0.38463626492942454
Atelectasis,youden,0.70506499327655758,0.28859737638748739
Atelectasis,f1,0.65934558493948903,0.2995011707217754
Pneumothorax,thr_050,0.61132218844984798,0.42131448023042684
Pneumothorax,youden,0.72530395136778114,0.32778159340659341
Pneumothorax,f1,0.53723404255319152,0.48624484181568089
Pleural Effusion,thr_050,0.78610413237459931,0.7553483725963539
Pleural Effusion,youden,0.84769990470414969,0.72091652545494733
Pleural Effusion,f1,0.8661526466256606,0.7091283069721257
Pleural Other,thr_050,0.11286089238845144,0.13395638629283488
Pleural Other,youden,0.75065616797900259,0.034321372854914198
Pleural Other,f1,0.2572178477690289,0.1180722891566265
Fracture,thr_050,0.19413919413919414,0.32868217054263565
Fracture,youden,0.73809523809523814,0.094038035235095088
Fracture,f1,0.28296703296703296,0.25600662800331397
Support Devices,thr_050,0.78685246516278196,0.83784682946303812
Support Devices,youden,0.82103355620821095,0.82598855849625952
Support Devices,f1,0.87977254264825344,0.79157764533903074
