comparison,metric,point_estimate,ci95_low,ci95_high,share_of_resamples_positive
WBCE - BCE,macro_auroc,0.0022435218118195266,-0.00014458804319486814,0.0043321653917773751,0.96399999999999997
WBCE - BCE,macro_auprc,0.0064317092662312669,0.0030792240069574929,0.0096356102679716529,1
Focal - BCE,macro_auroc,-0.00012895487909914127,-0.002031737845727799,0.0016681939716518155,0.44600000000000001
Focal - BCE,macro_auprc,0.0019342838950436314,-0.00060492383732855951,0.004564425744454632,0.93000000000000005
ASL - BCE,macro_auroc,-0.0039781304536307127,-0.0062887149437296447,-0.0017368684308852135,0
ASL - BCE,macro_auprc,-0.0020454681162060395,-0.0047767816542045316,0.00074654890298760438,0.073999999999999996
Focal - WBCE,macro_auroc,-0.0023724766909186679,-0.0047117591411373061,-6.2409368971386218e-05,0.021000000000000001
Focal - WBCE,macro_auprc,-0.0044974253711876355,-0.0076426731020269537,-0.0012745221803088218,0.0050000000000000001
ASL - WBCE,macro_auroc,-0.0062216522654502393,-0.0086505967415693909,-0.0037575977662147189,0
ASL - WBCE,macro_auprc,-0.0084771773824373065,-0.01153989155722965,-0.0055653754774464999,0
ASL - Focal,macro_auroc,-0.0038491755745315714,-0.0061185662658264448,-0.0015245603343873246,0.001
ASL - Focal,macro_auprc,-0.0039797520112496709,-0.0069328712393100494,-0.00091844616007896891,0.0030000000000000001
