observation,n_positive,n_negative,pos_weight_raw,pos_weight_used
No Finding,11906,121738,10.224928607424827,3.1976442
Enlarged Cardiomediastinum,6414,119947,18.700810726535703,4.3244433000000004
Cardiomegaly,16392,112584,6.8682284040995611,2.6207303999999998
Lung Opacity,65912,64577,0.97974572156815143,0.98982110000000001
Lung Lesion,4907,127969,26.078866924801304,5.1067470000000004
Edema,34766,90623,2.606655928205718,1.6145141000000001
Consolidation,9044,107597,11.897058823529411,3.4492113999999998
Pneumonia,3237,119221,36.830707445165281,6.0688310000000003
Atelectasis,20798,91996,4.4233099336474657,2.1031666000000002
Pneumothorax,12367,119363,9.6517344545969106,3.1067239999999998
Pleural Effusion,53757,73134,1.36045538255483,1.1663857
Pleural Other,1746,130592,74.794959908361974,8.6484079999999999
Fracture,5216,128082,24.555598159509199,4.9553604
Support Devices,75037,57961,0.77243226674840415,0.87888129999999998
