metric,policy,retriever,K,value
jaccard_truth,oracle,dense_minilm,1,0.79706703910614518
jaccard_truth,oracle,dense_minilm,3,0.80487274984481694
jaccard_truth,oracle,dense_minilm,5,0.80864990689013039
jaccard_truth,oracle,dense_minilm,10,0.77058193668528863
jaccard_truth,oracle,lexical_bm25,1,0.79813780260707634
jaccard_truth,oracle,lexical_bm25,3,0.78716635630043452
jaccard_truth,oracle,lexical_bm25,5,0.81554934823091241
jaccard_truth,oracle,lexical_bm25,10,0.78594040968342649
jaccard_truth,classifier_all_positive,dense_minilm,1,0.5219739292364991
jaccard_truth,classifier_all_positive,dense_minilm,3,0.51413718187461199
jaccard_truth,classifier_all_positive,dense_minilm,5,0.51381750465549347
jaccard_truth,classifier_all_positive,dense_minilm,10,0.52599162011173184
jaccard_truth,classifier_all_positive,lexical_bm25,1,0.53882681564245816
jaccard_truth,classifier_all_positive,lexical_bm25,3,0.53276802341048146
jaccard_truth,classifier_all_positive,lexical_bm25,5,0.5349960095770151
jaccard_truth,classifier_all_positive,lexical_bm25,10,0.54252394253790903
jaccard_truth,classifier_gated,dense_minilm,1,0.52034450651769082
jaccard_truth,classifier_gated,dense_minilm,3,0.51990999379267533
jaccard_truth,classifier_gated,dense_minilm,5,0.51802607076350093
jaccard_truth,classifier_gated,dense_minilm,10,0.52930633147113593
jaccard_truth,classifier_gated,lexical_bm25,1,0.51489757914338918
jaccard_truth,classifier_gated,lexical_bm25,3,0.52946262303804204
jaccard_truth,classifier_gated,lexical_bm25,5,0.5368582069699388
jaccard_truth,classifier_gated,lexical_bm25,10,0.54102952913008784
union_coverage,oracle,dense_minilm,1,0.85544692737430172
union_coverage,oracle,dense_minilm,3,0.96368715083798884
union_coverage,oracle,dense_minilm,5,0.97136871508379885
union_coverage,oracle,dense_minilm,10,0.9774208566108008
union_coverage,oracle,lexical_bm25,1,0.82821229050279332
union_coverage,oracle,lexical_bm25,3,0.91596834264432014
union_coverage,oracle,lexical_bm25,5,0.96135940409683418
union_coverage,oracle,lexical_bm25,10,0.97695530726256985
union_coverage,classifier_all_positive,dense_minilm,1,0.57448789571694592
union_coverage,classifier_all_positive,dense_minilm,3,0.64618249534450645
union_coverage,classifier_all_positive,dense_minilm,5,0.67551210428305397
union_coverage,classifier_all_positive,dense_minilm,10,0.81378026070763498
union_coverage,classifier_all_positive,lexical_bm25,1,0.56750465549348239
union_coverage,classifier_all_positive,lexical_bm25,3,0.63454376163873372
union_coverage,classifier_all_positive,lexical_bm25,5,0.66294227188081933
union_coverage,classifier_all_positive,lexical_bm25,10,0.79096834264432014
union_coverage,classifier_gated,dense_minilm,1,0.55586592178770955
union_coverage,classifier_gated,dense_minilm,3,0.65176908752327745
union_coverage,classifier_gated,dense_minilm,5,0.68272811918063314
union_coverage,classifier_gated,dense_minilm,10,0.80819366852886398
union_coverage,classifier_gated,lexical_bm25,1,0.53375232774674108
union_coverage,classifier_gated,lexical_bm25,3,0.64036312849162014
union_coverage,classifier_gated,lexical_bm25,5,0.67411545623836122
union_coverage,classifier_gated,lexical_bm25,10,0.79958100558659218
duplicate_text_rate,oracle,dense_minilm,1,0
duplicate_text_rate,oracle,dense_minilm,3,0.34823091247672261
duplicate_text_rate,oracle,dense_minilm,5,0.41787709497206704
duplicate_text_rate,oracle,dense_minilm,10,0.47262569832402229
duplicate_text_rate,oracle,lexical_bm25,1,0
duplicate_text_rate,oracle,lexical_bm25,3,0.34823091247672261
duplicate_text_rate,oracle,lexical_bm25,5,0.20893854748603352
duplicate_text_rate,oracle,lexical_bm25,10,0.36675977653631286
duplicate_text_rate,classifier_all_positive,dense_minilm,1,0
duplicate_text_rate,classifier_all_positive,dense_minilm,3,0.32774674115456243
duplicate_text_rate,classifier_all_positive,dense_minilm,5,0.39329608938547489
duplicate_text_rate,classifier_all_positive,dense_minilm,10,0.44860335195530732
duplicate_text_rate,classifier_all_positive,lexical_bm25,1,0
duplicate_text_rate,classifier_all_positive,lexical_bm25,3,0.33519553072625707
duplicate_text_rate,classifier_all_positive,lexical_bm25,5,0.20279329608938546
duplicate_text_rate,classifier_all_positive,lexical_bm25,10,0.35363128491620116
duplicate_text_rate,classifier_gated,dense_minilm,1,0
duplicate_text_rate,classifier_gated,dense_minilm,3,0.33240223463687157
duplicate_text_rate,classifier_gated,dense_minilm,5,0.39888268156424583
duplicate_text_rate,classifier_gated,dense_minilm,10,0.45363128491620114
duplicate_text_rate,classifier_gated,lexical_bm25,1,0
duplicate_text_rate,classifier_gated,lexical_bm25,3,0.34450651769087531
duplicate_text_rate,classifier_gated,lexical_bm25,5,0.21061452513966478
duplicate_text_rate,classifier_gated,lexical_bm25,10,0.3648044692737431
