observation,prevalence,raw_log_loss,calibrated_log_loss
No Finding,0.088521502563565974,0.28352254471853333,0.20516014064907115
Enlarged Cardiomediastinum,0.050623110390089224,0.24995368002689161,0.18719169290898141
Cardiomegaly,0.12528020825800854,0.28564396513707041,0.25960109792065683
Lung Opacity,0.50457175512536612,0.59920296351292335,0.59748143237720663
Lung Lesion,0.037330713634130937,0.19523884800651511,0.13814517347333738
Edema,0.27631627906976747,0.42199053068723968,0.41530860586094265
Consolidation,0.078406272501800142,0.30496921562100515,0.24562398852748446
Pneumonia,0.027246398902522673,0.15418027405809445,0.11075281693279918
Atelectasis,0.18503006427534729,0.4721779587185071,0.43224292966707484
Pneumothorax,0.093125287478328558,0.28409154385868579,0.21730992242694067
Pleural Effusion,0.42423462824800617,0.42679806581589558,0.42420193070813078
Pleural Other,0.013415492957746479,0.079741657830468701,0.062650157627454753
Fracture,0.038195173137460653,0.15272335355839942,0.13698262385362953
Support Devices,0.56066285954524753,0.46421412427572023,0.45304935966492987
