system,finding,n_truth,n_generated,tp,fp,fn,precision,recall,f1,rare_c2,classifier_true_positives,classifier_tp_retained,tp_retention,classifier_false_positives,classifier_fp_mentioned,fp_propagation
B0_rule_based,Enlarged Cardiomediastinum,0,28,0,28,0,0,,0,True,0,0,,28,28,1
B0_rule_based,Cardiomegaly,52,29,23,6,29,0.7931034482758621,0.44230769230769229,0.5679012345679012,False,23,23,1,6,6,1
B0_rule_based,Lung Opacity,85,59,42,17,43,0.71186440677966101,0.49411764705882355,0.58333333333333337,False,42,42,1,17,17,1
B0_rule_based,Lung Lesion,21,17,5,12,16,0.29411764705882354,0.23809523809523808,0.26315789473684209,True,5,5,1,12,12,1
B0_rule_based,Edema,5,13,2,11,3,0.15384615384615385,0.40000000000000002,0.22222222222222221,False,2,2,1,11,11,1
B0_rule_based,Consolidation,4,23,2,21,2,0.086956521739130432,0.5,0.14814814814814814,True,2,2,1,21,21,1
B0_rule_based,Pneumonia,10,36,7,29,3,0.19444444444444445,0.69999999999999996,0.30434782608695654,True,7,7,1,29,29,1
B0_rule_based,Atelectasis,42,26,9,17,33,0.34615384615384615,0.21428571428571427,0.26470588235294118,False,9,9,1,17,17,1
B0_rule_based,Pneumothorax,4,6,2,4,2,0.33333333333333331,0.5,0.40000000000000002,False,2,2,1,4,4,1
B0_rule_based,Pleural Effusion,13,31,9,22,4,0.29032258064516131,0.69230769230769229,0.40909090909090912,False,9,9,1,22,22,1
B0_rule_based,Pleural Other,5,14,2,12,3,0.14285714285714285,0.40000000000000002,0.21052631578947367,True,2,2,1,12,12,1
B0_rule_based,Fracture,9,59,5,54,4,0.084745762711864403,0.55555555555555558,0.14705882352941177,True,5,5,1,54,54,1
B0_rule_based,Support Devices,35,13,9,4,26,0.69230769230769229,0.25714285714285712,0.375,False,9,9,1,4,4,1
G1A_llm_no_retrieval,Enlarged Cardiomediastinum,0,204,0,204,0,0,,0,True,0,0,,28,28,1
G1A_llm_no_retrieval,Cardiomegaly,52,32,23,9,29,0.71875,0.44230769230769229,0.54761904761904767,False,23,23,1,6,6,1
G1A_llm_no_retrieval,Lung Opacity,85,35,22,13,63,0.62857142857142856,0.25882352941176473,0.36666666666666664,False,42,19,0.45238095238095238,17,7,0.41176470588235292
G1A_llm_no_retrieval,Lung Lesion,21,6,0,6,21,0,0,0,True,5,0,0,12,3,0.25
G1A_llm_no_retrieval,Edema,5,11,1,10,4,0.090909090909090912,0.20000000000000001,0.125,False,2,1,0.5,11,7,0.63636363636363635
G1A_llm_no_retrieval,Consolidation,4,13,1,12,3,0.076923076923076927,0.25,0.11764705882352941,True,2,1,0.5,21,6,0.2857142857142857
G1A_llm_no_retrieval,Pneumonia,10,19,2,17,8,0.10526315789473684,0.20000000000000001,0.13793103448275862,True,7,2,0.2857142857142857,29,13,0.44827586206896552
G1A_llm_no_retrieval,Atelectasis,42,13,4,9,38,0.30769230769230771,0.095238095238095233,0.14545454545454545,False,9,4,0.44444444444444442,17,6,0.35294117647058826
G1A_llm_no_retrieval,Pneumothorax,4,6,1,5,3,0.16666666666666666,0.25,0.20000000000000001,False,2,1,0.5,4,2,0.5
G1A_llm_no_retrieval,Pleural Effusion,13,14,5,9,8,0.35714285714285715,0.38461538461538464,0.37037037037037035,False,9,5,0.55555555555555558,22,6,0.27272727272727271
G1A_llm_no_retrieval,Pleural Other,5,1,0,1,5,0,0,0,True,2,0,0,12,1,0.083333333333333329
G1A_llm_no_retrieval,Fracture,9,52,5,47,4,0.096153846153846159,0.55555555555555558,0.16393442622950818,True,5,5,1,54,44,0.81481481481481477
G1A_llm_no_retrieval,Support Devices,35,12,5,7,30,0.41666666666666669,0.14285714285714285,0.21276595744680851,False,9,5,0.55555555555555558,4,4,1
G1_single_agent_rag,Enlarged Cardiomediastinum,0,4,0,4,0,0,,0,True,0,0,,28,4,0.14285714285714285
G1_single_agent_rag,Cardiomegaly,52,43,30,13,22,0.69767441860465118,0.57692307692307687,0.63157894736842102,False,23,23,1,6,6,1
G1_single_agent_rag,Lung Opacity,85,74,43,31,42,0.58108108108108103,0.50588235294117645,0.54088050314465408,False,42,39,0.9285714285714286,17,17,1
G1_single_agent_rag,Lung Lesion,21,0,0,0,21,,0,0,True,5,0,0,12,0,0
G1_single_agent_rag,Edema,5,8,1,7,4,0.125,0.20000000000000001,0.15384615384615385,False,2,1,0.5,11,7,0.63636363636363635
G1_single_agent_rag,Consolidation,4,8,1,7,3,0.125,0.25,0.16666666666666666,True,2,1,0.5,21,6,0.2857142857142857
G1_single_agent_rag,Pneumonia,10,27,5,22,5,0.18518518518518517,0.5,0.27027027027027029,True,7,5,0.7142857142857143,29,20,0.68965517241379315
G1_single_agent_rag,Atelectasis,42,46,15,31,27,0.32608695652173914,0.35714285714285715,0.34090909090909088,False,9,8,0.88888888888888884,17,14,0.82352941176470584
G1_single_agent_rag,Pneumothorax,4,2,0,2,4,0,0,0,False,2,0,0,4,2,0.5
G1_single_agent_rag,Pleural Effusion,13,17,5,12,8,0.29411764705882354,0.38461538461538464,0.33333333333333331,False,9,5,0.55555555555555558,22,9,0.40909090909090912
G1_single_agent_rag,Pleural Other,5,1,0,1,5,0,0,0,True,2,0,0,12,1,0.083333333333333329
G1_single_agent_rag,Fracture,9,11,1,10,8,0.090909090909090912,0.1111111111111111,0.10000000000000001,True,5,1,0.20000000000000001,54,10,0.18518518518518517
G1_single_agent_rag,Support Devices,35,7,1,6,34,0.14285714285714285,0.028571428571428571,0.047619047619047616,False,9,1,0.1111111111111111,4,0,0
