observation,n_valid,n_positive,brier,log_loss,ece,mean_predicted,prevalence,cal_slope,cal_intercept_slope1
No Finding,28671,2538,0.087343549418212499,0.28352254471853333,0.11273757160140056,0.20096072305776402,0.088521502563565974,0.87777487166407764,-1.5086841494846672
Enlarged Cardiomediastinum,27122,1373,0.065893102433587425,0.24995368002689161,0.09908100625054167,0.14970411664063088,0.050623110390089224,0.62224723365750323,-1.380995938044925
Cardiomegaly,27658,3465,0.086028917792131135,0.28564396513707041,0.061231037969544072,0.18569364550204276,0.12528020825800854,0.81231479154252517,-0.78188112164756551
Lung Opacity,27998,14127,0.20623998862230841,0.59920296351292335,0.018069948744368031,0.49793581566837053,0.50457175512536612,0.86078784496784466,0.033786713801867818
Lung Lesion,28502,1064,0.052510343006316636,0.19523884800651511,0.071877106536447091,0.1079730563792602,0.037330713634130937,0.55141697823911306,-1.5490731341407615
Edema,26875,7426,0.13748594778728324,0.42199053068723968,0.032893386086772274,0.29794730248116552,0.27631627906976747,0.8077759984248426,-0.1788593819165763
Consolidation,24998,1960,0.090183131199707153,0.30496921562100515,0.1059516316305578,0.18435790413235795,0.078406272501800142,0.70345079986838921,-1.1719558000897921
Pneumonia,26242,715,0.039120305002940267,0.15418027405809445,0.061190149184390016,0.088274331700786093,0.027246398902522673,0.62286085312760187,-1.5251482962579335
Atelectasis,24115,4462,0.15408255686896014,0.4721779587185071,0.11038494600388993,0.29541501027923722,0.18503006427534729,0.80340534791167761,-0.72084761658935959
Pneumothorax,28263,2632,0.085010995649703158,0.28409154385868579,0.09586022773418687,0.1887172051009936,0.093125287478328558,0.74288388425851548,-1.3917173402924228
Pleural Effusion,27209,11543,0.13770655573977503,0.42679806581589558,0.021389513512069202,0.43733376287858633,0.42423462824800617,0.88677458268850085,-0.10479169253168388
Pleural Other,28400,381,0.01823435907008979,0.079741657830468701,0.02090186297468144,0.030846472414476606,0.013415492957746479,0.47869373395979031,-1.1418274713146068
Fracture,28590,1092,0.039035788341071839,0.15272335355839942,0.028142316417416068,0.062350862856829316,0.038195173137460653,0.61057758352164948,-0.69467871747491738
Support Devices,28543,16003,0.14817008219586328,0.46421412427572023,0.06023540949899938,0.50267247781720015,0.56066285954524753,0.98874590039101584,0.39500204140152773
