retriever,policy,metric,mean,ci95_low,ci95_high,n_queries
dense_minilm,oracle,jaccard_truth@1,0.79706703910614518,0.76502676908752321,0.83017108938547479,358
dense_minilm,oracle,jaccard_truth@3,0.80487274984481694,0.77782278088144008,0.83205307262569828,358
dense_minilm,oracle,jaccard_truth@5,0.80864990689013039,0.78241270949720665,0.83357821229050288,358
dense_minilm,oracle,jaccard_truth@10,0.77058193668528863,0.74113989757914345,0.79970321229050267,358
dense_minilm,oracle,ndcg@3,0.80934821269703539,0.78338546714343982,0.83636297128396253,358
dense_minilm,oracle,ndcg@5,0.81293342454193263,0.7874096355859882,0.83828067620916813,358
dense_minilm,oracle,jaccard_query@3,0.80487274984481694,0.77782278088144008,0.83205307262569828,358
dense_minilm,classifier_all_positive,jaccard_truth@1,0.5219739292364991,0.47284567039106146,0.56913640595903159,358
dense_minilm,classifier_all_positive,jaccard_truth@3,0.51413718187461199,0.46536700806952203,0.55979593420235874,358
dense_minilm,classifier_all_positive,jaccard_truth@5,0.51381750465549347,0.46629283054003723,0.55934776536312847,358
dense_minilm,classifier_all_positive,jaccard_truth@10,0.52599162011173184,0.48065107076350094,0.56811731843575419,358
dense_minilm,classifier_all_positive,ndcg@3,0.51761339555068653,0.46885107244634416,0.56339533364000205,358
dense_minilm,classifier_all_positive,ndcg@5,0.51802152606118568,0.47034214293642446,0.56340653592495427,358
dense_minilm,classifier_all_positive,jaccard_query@3,0.69111244125210602,0.65485883878691142,0.72777362108716848,358
dense_minilm,classifier_gated,jaccard_truth@1,0.52034450651769082,0.47112779329608934,0.56844040968342646,358
dense_minilm,classifier_gated,jaccard_truth@3,0.51990999379267533,0.47491930477964001,0.56375426753569213,358
dense_minilm,classifier_gated,jaccard_truth@5,0.51802607076350093,0.47212313780260701,0.56277863128491612,358
dense_minilm,classifier_gated,jaccard_truth@10,0.52930633147113593,0.48449255121042828,0.57172008845437616,358
dense_minilm,classifier_gated,ndcg@3,0.52317871264926408,0.47741988164997384,0.5675794905878726,358
dense_minilm,classifier_gated,ndcg@5,0.52225913697336301,0.47702671553535148,0.5664874450378885,358
dense_minilm,classifier_gated,jaccard_query@3,0.71505276225946623,0.68064788950962141,0.75000271570453136,358
lexical_bm25,oracle,jaccard_truth@1,0.79813780260707634,0.7593947858472998,0.83327164804469278,358
lexical_bm25,oracle,jaccard_truth@3,0.78716635630043452,0.75482037554314085,0.81611460273122272,358
lexical_bm25,oracle,jaccard_truth@5,0.81554934823091241,0.78626303538175046,0.84202188081936702,358
lexical_bm25,oracle,jaccard_truth@10,0.78594040968342649,0.75753526536312843,0.81223091247672252,358
lexical_bm25,oracle,ndcg@3,0.79288013502391519,0.76078636840629366,0.82251939176192457,358
lexical_bm25,oracle,ndcg@5,0.81368762961748187,0.78516904927352538,0.84131931577972152,358
lexical_bm25,oracle,jaccard_query@3,0.78716635630043452,0.75482037554314085,0.81611460273122272,358
lexical_bm25,classifier_all_positive,jaccard_truth@1,0.53882681564245816,0.48764548417132214,0.58547602420856604,358
lexical_bm25,classifier_all_positive,jaccard_truth@3,0.53276802341048146,0.48412460095770149,0.57698795113948731,358
lexical_bm25,classifier_all_positive,jaccard_truth@5,0.5349960095770151,0.4850752194732641,0.57773048018089912,358
lexical_bm25,classifier_all_positive,jaccard_truth@10,0.54252394253790903,0.49586281258313386,0.58368605347166791,358
lexical_bm25,classifier_all_positive,ndcg@3,0.53672537935482223,0.48778082700024822,0.58086754422646603,358
lexical_bm25,classifier_all_positive,ndcg@5,0.53884628454184835,0.49013344364346073,0.58234691483066392,358
lexical_bm25,classifier_all_positive,jaccard_query@3,0.71435665513877811,0.68085334087079885,0.74879805134344224,358
lexical_bm25,classifier_gated,jaccard_truth@1,0.51489757914338918,0.46460079143389194,0.56426908752327742,358
lexical_bm25,classifier_gated,jaccard_truth@3,0.52946262303804204,0.48340881883479653,0.57477193624190825,358
lexical_bm25,classifier_gated,jaccard_truth@5,0.5368582069699388,0.49002430832668264,0.58054362862463416,358
lexical_bm25,classifier_gated,jaccard_truth@10,0.54102952913008784,0.49607242617717479,0.5828719573024741,358
lexical_bm25,classifier_gated,ndcg@3,0.52895217040061693,0.48215875690005355,0.57502609480603806,358
lexical_bm25,classifier_gated,ndcg@5,0.53562295223186351,0.48791012125987504,0.58072373451619608,358
lexical_bm25,classifier_gated,jaccard_query@3,0.72351024208566106,0.68931990999379267,0.75739331160769707,358
