patient_id,images,studies,source
patient33155,92,91,official_train
patient04462,89,89,official_train
patient28746,92,86,official_train
patient13011,79,77,official_train
patient14282,77,77,official_train
patient05702,79,77,official_train
patient34615,85,76,official_train
patient24163,86,76,official_train
patient06028,76,76,official_train
patient26381,76,75,official_train
patient30627,74,73,official_train
patient09793,73,71,official_train
patient24428,71,70,official_train
patient24813,68,68,official_train
patient10139,67,67,official_train
patient20479,75,65,official_train
patient27994,65,65,official_train
patient10970,76,64,official_train
patient31471,72,64,official_train
patient35927,65,64,official_train
patient15258,64,62,official_train
patient01457,65,62,official_train
patient19689,72,61,official_train
patient10105,60,60,official_train
patient34749,62,60,official_train
patient20556,60,59,official_train
patient13162,72,59,official_train
patient01844,62,59,official_train
patient13530,57,57,official_train
patient13181,57,57,official_train
patient34070,66,57,official_train
patient35480,57,56,official_train
patient26169,59,56,official_train
patient32500,56,55,official_train
patient10140,55,54,official_train
patient28479,55,54,official_train
patient27543,53,53,official_train
patient08173,54,53,official_train
patient15058,59,52,official_train
patient36122,52,52,official_train
patient34903,53,52,official_train
patient05232,51,51,official_train
patient10648,55,51,official_train
patient18257,50,50,official_train
patient34991,50,50,official_train
patient01167,55,49,official_train
patient19317,80,49,official_train
patient35099,49,49,official_train
patient26753,49,49,official_train
patient13849,51,49,official_train
patient17111,49,49,official_train
patient10238,53,49,official_train
patient03122,76,48,official_train
patient15558,51,48,official_train
patient27977,55,48,official_train
patient22920,49,48,official_train
patient05109,54,48,official_train
patient23351,65,48,official_train
patient16398,48,47,official_train
patient00069,47,47,official_train
patient28614,47,47,official_train
patient35764,47,47,official_train
