seed_offset,max_relative_deviation
0,0.11126076819387448
1,0.05285607952563071
2,0.06211323548814178
3,0.1636390541860899
4,0.08072386014246594
5,0.09194088249676657
6,0.1656766735689835
7,0.10392614937292524
8,0.06693853695017422
9,0.090544376219885
10,0.05545294527662735
11,0.12608623582529604
12,0.09268226738767975
13,0.12279334289857481
14,0.05953892905544523
15,0.06296534700447062
16,0.09448065958031933
17,0.11820153102304684
18,0.11674262406058049
19,0.08048947989806984
20,0.12012700065858804
21,0.07327869440318646
22,0.1124589993430039
23,0.09611025765647364
24,0.0987577638931506
25,0.09569770650490296
26,0.06392959638895238
27,0.056185198318327814
28,0.10141031509033256
29,0.07279233179368454
30,0.0811456206797573
31,0.053867962293634206
32,0.0685808954217641
33,0.07107509595780377
34,0.07292037671139344
35,0.09177797918742797
36,0.07118551415894897
37,0.11810145332038978
38,0.08489051455979023
39,0.13154716198352548
40,0.09741390101488663
41,0.12699279464704566
42,0.12195215683653596
43,0.17734685602144307
44,0.07147573832140976
45,0.11806809806686742
46,0.08957084377434021
47,0.047041679377837924
48,0.09733057518159965
49,0.06965630548953453
