,No Finding,Enlarged Cardiomediastinum,Cardiomegaly,Lung Opacity,Lung Lesion,Edema,Consolidation,Pneumonia,Atelectasis,Pneumothorax,Pleural Effusion,Pleural Other,Fracture,Support Devices
No Finding,1.0,-0.07019294906802163,-0.11663492453955639,-0.30805522638430055,-0.061086339684955034,-0.18512680302669762,-0.08432866002486222,-0.04946239266485469,-0.13404454279325617,-0.09977234997048418,-0.25633953081663374,-0.03599765315816186,-0.06284856110928269,-0.07791803558958504
Enlarged Cardiomediastinum,-0.07019294906802163,1.0,0.03413927964072551,-0.0007271713830675929,0.005379878959842942,-0.02069291162590904,-0.011022399914539047,-0.015966480652166035,-0.00825638108608546,-0.012735635031705664,-0.012386438577251302,0.003769699583585177,0.02547359715707594,-0.002716112924044266
Cardiomegaly,-0.11663492453955637,0.034139279640725516,1.0,0.004790185258899798,-0.033978277754399856,0.17195927682256168,-0.021470435181147943,-0.018843649439100565,-0.010982533776676025,-0.08048611514737194,0.035408048024838996,-0.011323539491939065,-0.022649396598582158,0.03519365480545713
Lung Opacity,-0.3080552263843005,-0.0007271713830675929,0.004790185258899798,1.0,0.03623590712489556,0.04275585681502045,-0.06265235609917046,0.061760408357877404,-0.05871098291610762,-0.010722158899366951,0.21006675784600248,0.013399467654357372,-0.030439799093788206,0.11260021917819256
Lung Lesion,-0.06108633968495504,0.005379878959842942,-0.033978277754399856,0.03623590712489556,1.0,-0.06687026286379504,0.01253376875228842,0.025483447997490537,-0.01987647738412626,0.011592745296818821,-0.01660022362187627,0.029232057982236166,-0.0038847213015756493,-0.0681161300341123
Edema,-0.18512680302669762,-0.020692911625909038,0.17195927682256168,0.04275585681502045,-0.06687026286379504,0.9999999999999999,-0.016222025911388965,-0.009939846313544212,0.027708187937980754,-0.13040862145773738,0.12819411249076643,-0.040220486887175694,-0.06174056633743713,0.1152670724114335
Consolidation,-0.08432866002486222,-0.011022399914539046,-0.02147043518114794,-0.06265235609917044,0.01253376875228842,-0.016222025911388965,0.9999999999999998,0.06330390447928427,-0.013192430629320535,-0.03719992214945534,0.059784571251630544,0.009461631438285906,-0.01799934335539568,0.0022747736177583656
Pneumonia,-0.049462392664854686,-0.015966480652166035,-0.018843649439100565,0.061760408357877404,0.02548344799749054,-0.009939846313544212,0.06330390447928427,1.0,-0.02124985557141388,-0.03587841903306056,-0.0335714429409141,0.006759051430313693,-0.012783560393307166,-0.070985170641029
Atelectasis,-0.13404454279325617,-0.00825638108608546,-0.010982533776676025,-0.05871098291610763,-0.01987647738412626,0.027708187937980758,-0.013192430629320535,-0.02124985557141388,0.9999999999999999,0.00489833632853451,0.07730795414603862,-0.013549955145274939,-0.005816347162756999,0.06476811724060554
Pneumothorax,-0.09977234997048418,-0.012735635031705664,-0.08048611514737194,-0.010722158899366951,0.01159274529681882,-0.13040862145773738,-0.03719992214945534,-0.03587841903306056,0.004898336328534509,1.0,-0.042617272545023545,-0.005081700713905465,0.026072830594985635,0.0375102378742693
Pleural Effusion,-0.2563395308166337,-0.0123864385772513,0.03540804802483899,0.2100667578460025,-0.01660022362187627,0.12819411249076645,0.059784571251630544,-0.0335714429409141,0.07730795414603864,-0.04261727254502355,1.0,-0.02950112796518131,-0.04759415559318334,0.14572980291846016
Pleural Other,-0.03599765315816186,0.003769699583585177,-0.011323539491939065,0.01339946765435737,0.029232057982236166,-0.040220486887175694,0.009461631438285907,0.006759051430313693,-0.013549955145274937,-0.005081700713905465,-0.02950112796518131,1.0,0.027476168220281195,-0.031003598194558318
Fracture,-0.06284856110928269,0.02547359715707594,-0.022649396598582158,-0.03043979909378821,-0.0038847213015756497,-0.06174056633743713,-0.01799934335539568,-0.012783560393307164,-0.005816347162756998,0.026072830594985635,-0.04759415559318334,0.027476168220281195,1.0,-0.05152383126369547
Support Devices,-0.07791803558958504,-0.002716112924044266,0.03519365480545713,0.11260021917819256,-0.06811613003411228,0.1152670724114335,0.002274773617758365,-0.07098517064102901,0.06476811724060554,0.037510237874269305,0.14572980291846016,-0.031003598194558318,-0.05152383126369547,1.0
