concept,reports_with_text,positive_count,positive_pct,uncertain_count,uncertain_pct,negated_count,negated_pct,not_mentioned_count,not_mentioned_pct,method
Enlarged Cardiomediastinum,3826,11,0.2875065342394145,1,0.026136957658128592,35,0.9147935180345008,3779,98.77156299006796,rule-based assertion-aware keyword matching (approximate; not clinical NLP)
Cardiomegaly,3826,296,7.736539466806064,20,0.5227391531625719,6,0.15682174594877157,3504,91.5838996340826,rule-based assertion-aware keyword matching (approximate; not clinical NLP)
Lung Opacity,3826,526,13.748039728175641,13,0.3397804495556717,944,24.673288029273394,2343,61.2388917929953,rule-based assertion-aware keyword matching (approximate; not clinical NLP)
Lung Lesion,3826,145,3.7898588604286463,21,0.5488761108207004,191,4.992158912702561,3469,90.6691061160481,rule-based assertion-aware keyword matching (approximate; not clinical NLP)
Edema,3826,69,1.803450078410873,28,0.7318348144276007,266,6.952430737062206,3463,90.51228437009932,rule-based assertion-aware keyword matching (approximate; not clinical NLP)
Consolidation,3826,33,0.8625196027182436,7,0.18295870360690017,1176,30.737062205959226,2610,68.21745948771563,rule-based assertion-aware keyword matching (approximate; not clinical NLP)
Pneumonia,3826,47,1.2284370099320439,42,1.0977522216414008,173,4.521693674856246,3564,93.15211709357031,rule-based assertion-aware keyword matching (approximate; not clinical NLP)
Atelectasis,3826,308,8.050182958703607,59,1.5420805018295871,8,0.20909566126502874,3451,90.19864087820177,rule-based assertion-aware keyword matching (approximate; not clinical NLP)
Pneumothorax,3826,22,0.575013068478829,1,0.026136957658128592,2598,67.90381599581809,1205,31.495033978044955,rule-based assertion-aware keyword matching (approximate; not clinical NLP)
Pleural Effusion,3826,150,3.9205436487192893,33,0.8625196027182436,2715,70.96184004181913,928,24.255096706743334,rule-based assertion-aware keyword matching (approximate; not clinical NLP)
Pleural Other,3826,35,0.9147935180345008,7,0.18295870360690017,0,0.0,3784,98.9022477783586,rule-based assertion-aware keyword matching (approximate; not clinical NLP)
Fracture,3826,102,2.6659696811291167,14,0.36591740721380034,88,2.300052273915316,3622,94.66806063774176,rule-based assertion-aware keyword matching (approximate; not clinical NLP)
Support Devices,3826,185,4.835337166753789,2,0.052273915316257184,0,0.0,3639,95.11238891792995,rule-based assertion-aware keyword matching (approximate; not clinical NLP)
