metric,value
reports_rows,3851.0
unique_report_uids,3851.0
projection_rows,7466.0
unique_image_filenames,7466.0
image_files_on_disk,7470.0
image_files_not_in_projections_csv,4.0
projection_rows_missing_file,0.0
reports_without_images,0.0
image_uids_without_report,0.0
frontal_images,3818.0
lateral_images,3648.0
other_projection_images,0.0
section_both,3331.0
section_impression_only,489.0
section_neither,25.0
section_findings_only,6.0
reports_mesh_normal,1379.0
anonymization_tokens_total,3544.0
reports_with_anonymization_token,1780.0
extremely_long_threshold_words,108.75
quality_empty_report,25.0
quality_near_empty,12.0
quality_extremely_short,18.0
quality_extremely_long,39.0
quality_missing_findings,514.0
quality_missing_impression,31.0
quality_duplicate_report_text,945.0
quality_findings_equals_impression,6.0
quality_high_anonymization,0.0
quality_malformed,0.0
quality_no_images,0.0
distinct_normalized_texts,3036.0
