comparison,metric,n_studies,a,b,diff,ci95_low,ci95_high,excludes_zero
G1_single_agent_rag minus G1B_llm_sham_retrieval,precision,378,0.41129032258064518,0.27210884353741499,0.13918147904323019,0.064849498989830667,0.21005219170912362,True
G1_single_agent_rag minus G1B_llm_sham_retrieval,recall,378,0.35789473684210527,0.14035087719298245,0.21754385964912282,0.15972222222222224,0.2758953418027828,True
G1_single_agent_rag minus G1B_llm_sham_retrieval,f1,378,0.38273921200750471,0.18518518518518517,0.19755402682231954,0.14077899887694528,0.25665076848577356,True
G1_single_agent_rag minus G1B_llm_sham_retrieval,macro_f1,378,0.21542533442980316,0.11458152054416422,0.10084381388563894,0.061644516333683987,0.13579925764138165,True
G1_single_agent_rag minus G1B_llm_sham_retrieval,hallucination_rate,378,0.25661375661375663,0.1984126984126984,0.058201058201058226,0.0052910052910052907,0.11375661375661375,True
G1_single_agent_rag minus G1B_llm_sham_retrieval,omission_rate,378,0.38095238095238093,0.4417989417989418,-0.060846560846560871,-0.089947089947089942,-0.034391534391534362,True
G1_single_agent_rag minus G1B_llm_sham_retrieval,mean_hallucinated,378,0.38624338624338622,0.28306878306878308,0.10317460317460314,0.015873015873015872,0.19847883597883592,True
G1_single_agent_rag minus G1B_llm_sham_retrieval,mean_omitted,378,0.48412698412698413,0.64814814814814814,-0.16402116402116401,-0.21957671957671959,-0.1164021164021164,True
G1_single_agent_rag minus G1B_llm_sham_retrieval,clf_fp_propagation,378,0.4050632911392405,0.27004219409282698,0.13502109704641352,0.052125272979948414,0.21944839520219972,True
G1_single_agent_rag minus G1B_llm_sham_retrieval,tp_retention,378,0.71794871794871795,0.31623931623931623,0.40170940170940173,0.29906301185085266,0.50450657079097438,True
G1_single_agent_rag minus G1B_llm_sham_retrieval,normal_recall,378,0.91145833333333337,0.81770833333333337,0.09375,0.030299223389675625,0.15610137195121943,True
G1_single_agent_rag minus G1B_llm_sham_retrieval,abnormal_recall,378,0.58064516129032262,0.29569892473118281,0.28494623655913981,0.20338320974576268,0.36512791286727453,True
G1_single_agent_rag minus G1B_llm_sham_retrieval,over_normalisation_given_classifier_abnormal,378,0.29775280898876405,0.5955056179775281,-0.29775280898876405,-0.39572735416270799,-0.19410763781952575,True
G1_single_agent_rag minus G1B_llm_sham_retrieval,rare_tp_retention,378,0.33333333333333331,0.047619047619047616,0.2857142857142857,0.11538461538461539,0.46666666666666667,True
G1_single_agent_rag minus G1B_llm_sham_retrieval,common_tp_retention,378,0.80208333333333337,0.375,0.42708333333333337,0.29543997668997668,0.56382978723404253,True
G1_single_agent_rag minus G1B_llm_sham_retrieval,rare_minus_common_retention,378,-0.46875000000000006,-0.32738095238095238,-0.14136904761904767,-0.36311986819360415,0.086553031747999581,False
G1_single_agent_rag minus G1B_llm_sham_retrieval,rouge_l,547,0.24651933330151565,0.25423420564806487,-0.0077148723465492175,-0.018027176643200794,0.0038525120704184799,False
G1_single_agent_rag minus G1B_llm_sham_retrieval,bleu1,547,0.25412091393266972,0.2370765928691152,0.017044321063554524,0.0036387971087857417,0.030725754179311591,True
G1_single_agent_rag minus G1B_llm_sham_retrieval,bleu4,547,0.038961685168201296,0.059024096944770538,-0.020062411776569242,-0.026718108214500227,-0.013492043248727296,True
G1_single_agent_rag minus G1B_llm_sham_retrieval,meteor_exact,547,0.22737697474337423,0.23213171967214238,-0.0047547449287681509,-0.018697510036302857,0.0098772029896599754,False
G1_single_agent_rag minus G1B_llm_sham_retrieval,mean_words,547,23.906764168190129,23.851919561243143,0.054844606946986119,-1.3659506398537471,1.4045246800731248,False
G1B_llm_sham_retrieval minus G1A_llm_no_retrieval,precision,378,0.27210884353741499,0.16507177033492823,0.10703707320248676,0.034927435298015855,0.17167203250113425,True
G1B_llm_sham_retrieval minus G1A_llm_no_retrieval,recall,378,0.14035087719298245,0.24210526315789474,-0.10175438596491229,-0.15919357939254133,-0.048852299016772717,True
G1B_llm_sham_retrieval minus G1A_llm_no_retrieval,f1,378,0.18518518518518517,0.19630156472261737,-0.011116379537432192,-0.06770444870696575,0.042933554137335961,False
G1B_llm_sham_retrieval minus G1A_llm_no_retrieval,macro_f1,378,0.11458152054416422,0.19894909225776958,-0.084367571713605358,-0.13420966509115612,-0.035055603032980921,True
G1B_llm_sham_retrieval minus G1A_llm_no_retrieval,hallucination_rate,378,0.1984126984126984,0.75396825396825395,-0.55555555555555558,-0.60846560846560849,-0.50264550264550256,True
G1B_llm_sham_retrieval minus G1A_llm_no_retrieval,omission_rate,378,0.4417989417989418,0.40476190476190477,0.037037037037037035,0.010582010582010581,0.066137566137566162,True
G1B_llm_sham_retrieval minus G1A_llm_no_retrieval,mean_hallucinated,378,0.28306878306878308,0.92328042328042326,-0.64021164021164023,-0.77519841269841272,-0.52116402116402116,True
G1B_llm_sham_retrieval minus G1A_llm_no_retrieval,mean_omitted,378,0.64814814814814814,0.5714285714285714,0.076719576719576743,0.037037037037036979,0.12440476190476192,True
G1B_llm_sham_retrieval minus G1A_llm_no_retrieval,clf_fp_propagation,378,0.27004219409282698,0.56118143459915615,-0.29113924050632917,-0.37746039466370207,-0.20979677639127944,True
G1B_llm_sham_retrieval minus G1A_llm_no_retrieval,tp_retention,378,0.31623931623931623,0.5641025641025641,-0.24786324786324787,-0.37722261735419638,-0.13129117259552045,True
G1B_llm_sham_retrieval minus G1A_llm_no_retrieval,normal_recall,378,0.81770833333333337,0.11458333333333333,0.703125,0.63274585583907628,0.76777922997996784,True
G1B_llm_sham_retrieval minus G1A_llm_no_retrieval,abnormal_recall,378,0.29569892473118281,0.70967741935483875,-0.41397849462365593,-0.50510606874328678,-0.32191874337221638,True
G1B_llm_sham_retrieval minus G1A_llm_no_retrieval,over_normalisation_given_classifier_abnormal,378,0.5955056179775281,0.25842696629213485,0.33707865168539325,0.24590163934426229,0.42934942455242964,True
G1B_llm_sham_retrieval minus G1A_llm_no_retrieval,rare_tp_retention,378,0.047619047619047616,0.38095238095238093,-0.33333333333333331,-0.52639318885448927,-0.14269480519480535,True
G1B_llm_sham_retrieval minus G1A_llm_no_retrieval,common_tp_retention,378,0.375,0.60416666666666663,-0.22916666666666663,-0.3846846846846847,-0.088794326241134855,True
G1B_llm_sham_retrieval minus G1A_llm_no_retrieval,rare_minus_common_retention,378,-0.32738095238095238,-0.2232142857142857,-0.10416666666666669,-0.34179347826086959,0.14808991981672373,False
G1B_llm_sham_retrieval minus G1A_llm_no_retrieval,rouge_l,547,0.25423420564806487,0.1036813164994739,0.15055288914859097,0.1367980872737575,0.16293996465179139,True
G1B_llm_sham_retrieval minus G1A_llm_no_retrieval,bleu1,547,0.2370765928691152,0.058795379439462704,0.1782812134296525,0.16252634499262689,0.19292202981434647,True
G1B_llm_sham_retrieval minus G1A_llm_no_retrieval,bleu4,547,0.059024096944770538,0.011205332704064744,0.047818764240705795,0.041075315617823953,0.054310231302584111,True
G1B_llm_sham_retrieval minus G1A_llm_no_retrieval,meteor_exact,547,0.23213171967214238,0.069282416162991078,0.16284930350915131,0.14784681010178533,0.17692039334018819,True
G1B_llm_sham_retrieval minus G1A_llm_no_retrieval,mean_words,547,23.851919561243143,15.058500914076783,8.7934186471663605,6.6469835466179168,10.81750457038391,True
G1B_llm_sham_retrieval minus B0_rule_based,precision,378,0.27210884353741499,0.33050847457627119,-0.058399631038856203,-0.12498546061068867,0.01226448644803947,False
G1B_llm_sham_retrieval minus B0_rule_based,recall,378,0.14035087719298245,0.41052631578947368,-0.27017543859649124,-0.33218022704649947,-0.21602717770034846,True
G1B_llm_sham_retrieval minus B0_rule_based,f1,378,0.18518518518518517,0.36619718309859156,-0.18101199791340639,-0.23631940056035003,-0.1281623707917961,True
G1B_llm_sham_retrieval minus B0_rule_based,macro_f1,378,0.11458152054416422,0.32462438248817832,-0.21004286194401411,-0.26761139694487207,-0.14571441717530612,True
G1B_llm_sham_retrieval minus B0_rule_based,hallucination_rate,378,0.1984126984126984,0.40740740740740738,-0.20899470899470898,-0.26455026455026454,-0.16137566137566137,True
G1B_llm_sham_retrieval minus B0_rule_based,omission_rate,378,0.4417989417989418,0.34920634920634919,0.092592592592592615,0.063492063492063489,0.1243386243386243,True
G1B_llm_sham_retrieval minus B0_rule_based,mean_hallucinated,378,0.28306878306878308,0.62698412698412698,-0.3439153439153439,-0.4472222222222223,-0.25125661375661379,True
G1B_llm_sham_retrieval minus B0_rule_based,mean_omitted,378,0.64814814814814814,0.44444444444444442,0.20370370370370372,0.15343915343915349,0.25932539682539679,True
G1B_llm_sham_retrieval minus B0_rule_based,clf_fp_propagation,378,0.27004219409282698,1,-0.72995780590717296,-0.79204220558202865,-0.66141081538361424,True
G1B_llm_sham_retrieval minus B0_rule_based,tp_retention,378,0.31623931623931623,1,-0.68376068376068377,-0.77482504826254828,-0.58761704341246579,True
G1B_llm_sham_retrieval minus B0_rule_based,normal_recall,378,0.81770833333333337,0.72916666666666663,0.088541666666666741,0.021158480844344719,0.15544041450777202,True
G1B_llm_sham_retrieval minus B0_rule_based,abnormal_recall,378,0.29569892473118281,0.72580645161290325,-0.43010752688172044,-0.50560897435897434,-0.35427950310559003,True
G1B_llm_sham_retrieval minus B0_rule_based,over_normalisation_given_classifier_abnormal,378,0.5955056179775281,0,0.5955056179775281,0.51891386038444864,0.66666666666666663,True
G1B_llm_sham_retrieval minus B0_rule_based,rare_tp_retention,378,0.047619047619047616,1,-0.95238095238095233,-1,-0.84999999999999998,True
G1B_llm_sham_retrieval minus B0_rule_based,common_tp_retention,378,0.375,1,-0.625,-0.72826422436929683,-0.5217275670675301,True
G1B_llm_sham_retrieval minus B0_rule_based,rare_minus_common_retention,378,-0.32738095238095238,0,-0.32738095238095238,-0.45557443365695793,-0.20865163230240547,True
G1B_llm_sham_retrieval minus B0_rule_based,rouge_l,547,0.25423420564806487,0.12066512361659308,0.13356908203147178,0.12293429861828668,0.14322255599156983,True
G1B_llm_sham_retrieval minus B0_rule_based,bleu1,547,0.2370765928691152,0.042460273481276262,0.19461631938783894,0.18151592069042685,0.2075674925977094,True
G1B_llm_sham_retrieval minus B0_rule_based,bleu4,547,0.059024096944770538,0.010106731733475085,0.048917365211295451,0.042717442354766676,0.055128556875401476,True
G1B_llm_sham_retrieval minus B0_rule_based,meteor_exact,547,0.23213171967214238,0.063369856856648116,0.16876186281549427,0.15699546507820308,0.17941677117349139,True
G1B_llm_sham_retrieval minus B0_rule_based,mean_words,547,23.851919561243143,10.526508226691043,13.325411334552101,12.23363802559415,14.459049360146253,True
G1_single_agent_rag minus G1A_llm_no_retrieval,precision,378,0.41129032258064518,0.16507177033492823,0.24621855224571695,0.19289800922320974,0.29974422969823644,True
G1_single_agent_rag minus G1A_llm_no_retrieval,recall,378,0.35789473684210527,0.24210526315789474,0.11578947368421053,0.060143095414592819,0.17001136363636363,True
G1_single_agent_rag minus G1A_llm_no_retrieval,f1,378,0.38273921200750471,0.19630156472261737,0.18643764728488735,0.13640456570222814,0.23178456165385203,True
G1_single_agent_rag minus G1A_llm_no_retrieval,macro_f1,378,0.21542533442980316,0.19894909225776958,0.016476242172033584,-0.028667198534796254,0.063655588125517457,False
G1_single_agent_rag minus G1A_llm_no_retrieval,hallucination_rate,378,0.25661375661375663,0.75396825396825395,-0.49735449735449733,-0.56084656084656082,-0.43121693121693122,True
G1_single_agent_rag minus G1A_llm_no_retrieval,omission_rate,378,0.38095238095238093,0.40476190476190477,-0.023809523809523836,-0.050264550264550234,0.0026455026455026189,False
G1_single_agent_rag minus G1A_llm_no_retrieval,mean_hallucinated,378,0.38624338624338622,0.92328042328042326,-0.53703703703703698,-0.68260582010582027,-0.40476190476190477,True
G1_single_agent_rag minus G1A_llm_no_retrieval,mean_omitted,378,0.48412698412698413,0.5714285714285714,-0.087301587301587269,-0.13227513227513232,-0.044907407407407382,True
G1_single_agent_rag minus G1A_llm_no_retrieval,clf_fp_propagation,378,0.4050632911392405,0.56118143459915615,-0.15611814345991565,-0.24349178281672565,-0.065727015323118018,True
G1_single_agent_rag minus G1A_llm_no_retrieval,tp_retention,378,0.71794871794871795,0.5641025641025641,0.15384615384615385,0.052621759622937886,0.2592903828197945,True
G1_single_agent_rag minus G1A_llm_no_retrieval,normal_recall,378,0.91145833333333337,0.11458333333333333,0.796875,0.73433113302139041,0.85577644564064914,True
G1_single_agent_rag minus G1A_llm_no_retrieval,abnormal_recall,378,0.58064516129032262,0.70967741935483875,-0.12903225806451613,-0.23196089878680873,-0.031084076705304206,True
G1_single_agent_rag minus G1A_llm_no_retrieval,over_normalisation_given_classifier_abnormal,378,0.29775280898876405,0.25842696629213485,0.039325842696629199,-0.056195735444330971,0.14132287549407113,False
G1_single_agent_rag minus G1A_llm_no_retrieval,rare_tp_retention,378,0.33333333333333331,0.38095238095238093,-0.047619047619047616,-0.30010869565217396,0.21062030075187965,False
G1_single_agent_rag minus G1A_llm_no_retrieval,common_tp_retention,378,0.80208333333333337,0.60416666666666663,0.19791666666666674,0.089705882352941191,0.30208333333333326,True
G1_single_agent_rag minus G1A_llm_no_retrieval,rare_minus_common_retention,378,-0.46875000000000006,-0.2232142857142857,-0.24553571428571436,-0.49649724802201584,0.025007022471910129,False
G1_single_agent_rag minus G1A_llm_no_retrieval,rouge_l,547,0.24651933330151565,0.1036813164994739,0.14283801680204175,0.13007261010740637,0.15493723037912591,True
G1_single_agent_rag minus G1A_llm_no_retrieval,bleu1,547,0.25412091393266972,0.058795379439462704,0.19532553449320703,0.18043797121648375,0.21041814341578635,True
G1_single_agent_rag minus G1A_llm_no_retrieval,bleu4,547,0.038961685168201296,0.011205332704064744,0.027756352464136554,0.023446309376694001,0.032517691695259532,True
G1_single_agent_rag minus G1A_llm_no_retrieval,meteor_exact,547,0.22737697474337423,0.069282416162991078,0.15809455858038315,0.14355460170557444,0.17346618496131105,True
G1_single_agent_rag minus G1A_llm_no_retrieval,mean_words,547,23.906764168190129,15.058500914076783,8.8482632541133466,6.5862888482632549,10.753519195612432,True
