observation,f1_optimal_threshold,prevalence,tp,tn,fp,fn,precision,recall,specificity,f1,balanced_accuracy
No Finding,0.64266729354858398,0.088521502563565974,1447,24430,1703,1091,0.45936507936507937,0.57013396375098502,0.93483335246623045,0.5087904360056259,0.75248365810860773
Enlarged Cardiomediastinum,0.30397042632102966,0.050623110390089224,430,23222,2527,943,0.14541765302671628,0.31318281136198106,0.90186026641811334,0.19861431870669746,0.60752153889004723
Cardiomegaly,0.45181825757026672,0.12528020825800854,2154,22099,2094,1311,0.50706214689265539,0.62164502164502167,0.9134460381101972,0.55853753403344997,0.76754552987760949
Lung Opacity,0.32664650678634644,0.50457175512536612,12661,5671,8200,1466,0.60692200757394177,0.89622708289091813,0.40883858409631607,0.72373385160626502,0.65253283349361713
Lung Lesion,0.51390206813812256,0.037330713634130937,299,26462,976,765,0.23450980392156862,0.28101503759398494,0.96442889423427358,0.25566481402308677,0.62272196591412921
Edema,0.37897571921348572,0.27631627906976747,5409,15670,3779,2017,0.58870265563778845,0.72838674925935898,0.80569695100005145,0.65113759479956668,0.76704185012970516
Consolidation,0.33341237902641296,0.078406272501800142,853,19413,3625,1107,0.19048682447521215,0.43520408163265306,0.84265127181178923,0.26498912705809258,0.63892767672222117
Pneumonia,0.38127908110618591,0.027246398902522673,194,24436,1091,521,0.15097276264591439,0.27132867132867133,0.95726093939750068,0.19400000000000001,0.61429480536308601
Atelectasis,0.32970145344734192,0.18503006427534729,2942,12772,6881,1520,0.2995011707217754,0.65934558493948903,0.64987533709866174,0.41190059502975152,0.65461046101907538
Pneumothorax,0.61474502086639404,0.093125287478328558,1414,24137,1494,1218,0.48624484181568089,0.53723404255319152,0.94171120908275141,0.51046931407942242,0.73947262581797146
Pleural Effusion,0.36226996779441833,0.42423462824800617,9998,11565,4101,1545,0.7091283069721257,0.8661526466256606,0.73822290310225969,0.77981436705405194,0.80218777486396009
Pleural Other,0.25426760315895081,0.013415492957746479,98,27287,732,283,0.1180722891566265,0.2572178477690289,0.97387487062350553,0.16184971098265896,0.61554635919626721
Fracture,0.3263857364654541,0.038195173137460653,309,26600,898,783,0.25600662800331397,0.28296703296703296,0.96734307949669063,0.26881252718573295,0.62515505623186174
Support Devices,0.34337711334228516,0.56066285954524753,14079,8833,3707,1924,0.79157764533903074,0.87977254264825344,0.70438596491228067,0.83334813104856609,0.792079253780267
