system,metric,value,ci95_low,ci95_high
B0_rule_based,hallucination_rate,0.40740740740740738,0.36236772486772489,0.46031746031746029
B0_rule_based,omission_rate,0.34920634920634919,0.30158730158730157,0.39417989417989419
G1A_llm_no_retrieval,hallucination_rate,0.75396825396825395,0.71164021164021163,0.79629629629629628
G1A_llm_no_retrieval,omission_rate,0.40476190476190477,0.35449735449735448,0.455026455026455
G1B_llm_sham_retrieval,hallucination_rate,0.1984126984126984,0.16137566137566137,0.23809523809523808
G1B_llm_sham_retrieval,omission_rate,0.4417989417989418,0.39146825396825397,0.49206349206349204
G1_single_agent_rag,hallucination_rate,0.25661375661375663,0.21693121693121692,0.30158730158730157
G1_single_agent_rag,omission_rate,0.38095238095238093,0.33333333333333331,0.42857142857142855
B0_rule_based,mean_hallucinated,0.62698412698412698,0.54232804232804233,0.72493386243386237
B0_rule_based,mean_omitted,0.44444444444444442,0.37566137566137564,0.51058201058201058
G1A_llm_no_retrieval,mean_hallucinated,0.92328042328042326,0.81216931216931221,1.0450396825396824
G1A_llm_no_retrieval,mean_omitted,0.5714285714285714,0.4867063492063492,0.65350529100529098
G1B_llm_sham_retrieval,mean_hallucinated,0.28306878306878308,0.21957671957671956,0.34656084656084657
G1B_llm_sham_retrieval,mean_omitted,0.64814814814814814,0.55555555555555558,0.73809523809523814
G1_single_agent_rag,mean_hallucinated,0.38624338624338622,0.32010582010582012,0.46560846560846558
G1_single_agent_rag,mean_omitted,0.48412698412698413,0.41269841269841268,0.55291005291005291
